var_id,delta11,delta21,delta31,delta12,delta22,delta32,delta13,delta23,delta33
ch4,-0.09700660402853843,0.015066508997568942,0.018018622652022163,-0.0022075339152337024,0.0,0.0,0.0,0.0,0.0