var_id,gamma0,gamma1
co2,-0.3725008502734193,0.00036072632307663534