var_id,phi,zeta
ch4,0.011715030733921453,0.4760662478718741