var_id,delta21,delta31,delta12,delta32,delta13,delta43,delta34
co2,0.002449639943837843,0.007147019115549566,2.42513550176311e-13,0.010436079379507177,0.033772642570996346,0.003773681999964998,0.0007109156030790401