parameter,value
gamma,1.6528726717463924
chi1,2.606706293066062
chi2,108.64939910902999
kappa1,2.061693088584926
kappa2,0.656773505036214
epsilon,0.5295300404326333
sigma1,0.697526930145038
sigma2,0.5645090709788012
sigma3,9.845139069574136
Fbar,11.389683508878557