var_id,alpha,theta
n2o,0.021146268393888508,0.48304922027343955