var_id,gamma0,gamma1
co2,-0.6691878870187469,0.0002591773801421924