parameter,value
gamma,1.854986624583049
chi1,4.5689113459737865
chi2,354.4271598484283
kappa1,1.5986036054916877
kappa2,1.0626953280905416
epsilon,0.45658815881797343
sigma1,0.7309323634764261
sigma2,0.9717890994755948
sigma3,5.887261283027005e-06
Fbar,10.445851486241933