var_id,delta21,delta31,delta12,delta32,delta13,delta43,delta34
co2,0.024558113114053273,0.02976208581098564,0.02279977214911588,5.780936948353452e-16,0.02876884021171224,0.005196874125993673,0.0016239830121332118