var_id,gamma0,gamma1
co2,-0.6691877083124073,0.0002591773687699655