var_id,gamma0,gamma1
co2,-0.37250091272798835,0.00036072632731030735