parameter,value
rho,0.006105704275583468
eta,0.9191980918513194
