parameter,value
rho,0.006105704233299027
eta,0.9191980971473459
