var_id,gamma0,gamma1
co2,-2.9287550771287316,0.00029765253124450225