var_id,gamma0,gamma1
co2,-2.9287551046204996,0.0002976525330564395