parameter,value
gamma,1.8549865835411274
chi1,4.568911309229253
chi2,354.427185998241
kappa1,1.5986036168728117
kappa2,1.0626953035311761
epsilon,0.4565881601265419
sigma1,0.7309323467133435
sigma2,0.9717890787021966
sigma3,4.626628664208064e-06
Fbar,10.445851572984031