parameter,value
gamma,1.8549866601207312
chi1,4.56891149940133
chi2,354.42717496603916
kappa1,1.5986036005036262
kappa2,1.062695319288429
epsilon,0.45658813372406565
sigma1,0.7309323941686623
sigma2,0.9717891284432432
sigma3,4.604387284533621e-06
Fbar,10.445851437123558