var_id,delta21,delta31,delta12,delta32,delta13,delta43,delta34
co2,0.01854978884905409,0.01206756382904478,0.030861326590195495,1.4799916209866694e-14,0.011842834050843291,0.0022372207337764587,0.0011589024764729959